particle1_pt,particle1_eta,particle1_phi,particle2_pt,particle2_eta,particle2_phi,particle3_pt,particle3_eta,particle3_phi
,,,,,,,,
,,,,,,,,
57.7407265,-0.951306343,2.49059391,52.8401146,-0.35628438,-1.81824899,56.2212982,-1.52697408,-1.47043955
,,,,,,,,
,,,,,,,,
,,,,,,,,
,,,,,,,,
,,,,,,,,
89.5824738,-0.339487284,1.88576639,40.4433823,-0.604357243,0.91903013,33.275013,-1.11194217,-2.32488346
51.6902542,-0.613590062,2.35568166,86.7391205,-0.204294696,0.155874476,37.6098366,-0.468296707,-1.39280486
73.6359024,-2.04676604,0.546039641,115.015274,-0.878980756,0.0485874936,32.4729385,-1.35019386,-1.15658247
82.163208,-0.108570091,1.0033673,30.718317,0.168246984,-2.01156116,59.4125824,-0.549652636,-0.388348609
,,,,,,,,
60.0066795,0.6427809,0.694058418,33.2986946,-1.23012638,-2.95004606,27.6590061,-0.261577547,0.144696906
32.8778305,0.928508341,0.271642596,53.4129448,-0.466353387,1.86282444,33.5525513,-0.747735083,-0.351095408
,,,,,,,,
39.249527,-0.736310184,-1.67582393,33.0206261,1.76703787,-1.59887064,100.948723,0.552146196,-1.93474007
53.8514862,-0.622091949,-2.86623311,52.1592102,-1.02616179,0.72423023,72.5974884,-0.447589219,-0.703540444
,,,,,,,,
29.9953632,1.68636429,-2.8345654,44.3031807,0.391780019,2.51566625,74.4262695,-0.0650604591,1.18233407
54.1565018,-0.561831117,-1.84569013,74.5675659,-0.317846179,2.95430398,90.8724747,-1.2123307,2.39199376
,,,,,,,,
,,,,,,,,
,,,,,,,,
58.3818855,-0.52797395,-1.83897805,99.425209,-0.685980737,2.4581356,26.5668831,-0.497815728,1.08242047
,,,,,,,,
107.345207,-2.229913,-1.80671942,31.6518764,-1.86924565,2.34266162,45.3710289,-1.47730446,-0.787252128
,,,,,,,,
,,,,,,,,
,,,,,,,,
40.1718369,1.02557039,-1.61063313,29.3801079,1.14989519,1.41759121,39.4757347,0.779255629,-3.11135173
25.5883236,-1.56654704,0.986090004,32.963562,0.0840362683,0.765993357,71.9995728,0.501942158,-0.947490931
,,,,,,,,
29.6459427,1.1859374,-0.723594248,35.6315651,0.915308595,-2.96107316,122.945961,1.77737749,2.9295814
107.562119,0.480249017,-1.84285414,46.0889015,0.160859495,2.31607938,43.8236198,-0.600484252,-0.742944896
38.2332954,-0.730861783,-1.47785604,50.1570892,-1.28066993,-0.458894372,182.566895,-1.150666,0.314480335
69.1556931,1.28815567,-0.297339708,48.4920464,0.458999395,-2.33936596,31.6306858,1.95135975,3.05757833
,,,,,,,,
136.538345,-1.10547483,2.85783172,43.4476166,-1.0763427,0.714619458,50.8534737,-0.180832401,-1.59963441
119.819855,-0.314573526,2.5163815,109.764069,-0.490879536,-2.59708428,49.6279907,-0.901079297,2.91228819
,,,,,,,,
,,,,,,,,
,,,,,,,,
,,,,,,,,
,,,,,,,,
31.2825947,-0.801714003,-1.92565989,205.501999,-0.406597108,-0.152291983,133.645279,-0.69605428,-0.454701662
,,,,,,,,
,,,,,,,,
,,,,,,,,
134.382736,0.254508227,2.27373362,51.2208595,-0.391189754,2.34673285,66.8618469,0.545732975,-2.93858266
,,,,,,,,
59.1043129,-0.0782633126,2.72834969,46.3160629,-0.0352934748,0.105899222,76.8392334,-0.395523876,-1.44540346
431.84433,-0.134608731,-3.00902152,75.5751114,-0.697611928,-2.87564278,36.0870552,0.57981801,2.82449627
,,,,,,,,
,,,,,,,,
,,,,,,,,
,,,,,,,,
,,,,,,,,
57.046936,1.17182064,0.299441427,52.7995796,0.454620332,-0.516102076,52.8118553,-0.482159734,-0.66180712
34.5331726,-0.222538203,1.99043167,99.320549,0.129700556,-2.71610641,71.331192,0.927575469,-2.92464399
,,,,,,,,
,,,,,,,,
65.8072205,-1.59715497,1.86418879,29.4394188,0.30479005,-2.78730989,26.2139969,-1.5866617,-1.24494624
70.9809189,-0.886593223,1.72724259,31.3661251,0.324501991,1.09937096,119.582695,0.353703827,2.42361593
36.1139946,-0.0955109596,0.568503916,29.8853607,1.12287283,-1.94114041,66.3633728,-0.199579164,-2.97136068
39.449852,-0.0613828227,0.574308276,93.0375595,0.0704032183,2.21309066,77.6792984,0.201254204,1.24479115
,,,,,,,,
,,,,,,,,
,,,,,,,,
129.835922,-0.961532474,0.765954018,111.251678,-0.488082558,0.426599741,34.181694,-1.202806,-1.11203432
,,,,,,,,
,,,,,,,,
93.1781693,0.259709477,1.26895308,126.469604,-0.123357557,2.46771073,27.0760479,-1.07095015,1.48863626
88.6189575,-0.97547549,2.9427402,84.4466019,-0.253852278,1.24466574,27.1154594,-1.13983428,2.5224514
,,,,,,,,
42.1751213,1.30389953,-2.16194677,59.9356728,0.412668705,1.1474402,46.1423149,0.27667886,0.0338567533
82.8227539,-1.35169828,1.79604244,31.9346962,-0.716279209,2.35426784,29.2349567,-0.0405461974,-0.0523948446
56.813694,-1.04758036,2.53255033,25.6985168,0.330901235,0.644607306,52.6952705,-1.01541209,-0.428209215
34.8748207,1.07885814,-0.827134788,46.7665558,-0.723129928,2.21836424,75.4648209,0.447990268,1.72645509
,,,,,,,,
,,,,,,,,
36.6085663,-0.280337065,2.98412728,184.671341,-0.876341462,-1.65373886,54.3115807,-0.395188421,-1.18236542
,,,,,,,,
36.6422729,-2.13310504,2.70936561,88.5427246,-1.1602447,-2.41024232,57.1005478,-0.555334568,-1.57760394
,,,,,,,,
28.3418407,0.199632436,-1.72433543,67.6740036,0.132118285,1.18712413,61.2578583,-1.00505733,1.23754919
29.592577,1.32311022,0.624923825,50.8554306,-0.891223311,-0.144050747,93.0699387,-0.015292773,-1.36452568
,,,,,,,,
76.7962036,-1.12636125,-1.74585581,38.4587784,0.142945051,0.67317909,78.3577271,-0.417363554,-1.05104816
,,,,,,,,
74.0860748,1.75025272,0.294961333,119.447693,2.16272569,1.88763535,59.470314,1.33155072,1.84235728
94.2770004,-2.08481288,-2.20645189,44.1592903,-1.36143076,-1.93243182,178.633911,0.0502598584,0.969859064
,,,,,,,,
,,,,,,,,
,,,,,,,,
,,,,,,,,
,,,,,,,,
111.558411,0.322113603,-2.71428037,29.6622696,1.19171345,2.85623717,36.3470459,0.133771047,0.575848758
,,,,,,,,
,,,,,,,,
,,,,,,,,
,,,,,,,,
,,,,,,,,
,,,,,,,,
,,,,,,,,
87.5409393,0.0115888547,-2.93618155,127.705292,0.853793621,-0.511665165,106.629517,-0.138041481,2.64436722
,,,,,,,,
50.6103249,-2.46030498,-2.26528621,66.318428,-2.33052301,2.07003808,29.8671093,-2.0619626,-0.0510656349
,,,,,,,,
,,,,,,,,
129.962494,-0.62852937,-2.79076362,43.7718086,-0.497124195,-0.622125089,37.5692596,-0.978488624,2.86376643
89.7303925,-2.01677537,2.26505041,111.46534,-1.65942836,-1.10937452,53.8242493,-1.74042892,-2.15273356
47.4814453,1.10702419,-0.578113079,119.120224,0.18949075,0.717883348,66.3424225,0.707075357,1.41984892
45.727993,-1.4580003,-1.60262632,35.1114426,-0.322587997,1.54806125,47.9432068,-0.025185952,-0.366899669
85.0973282,1.29127538,-3.10651064,169.276505,0.829523146,-2.55358529,42.6408997,0.503259957,-1.91081369
35.8456154,1.22258973,-0.442516804,44.3450279,1.23503304,2.39925933,86.7136917,0.178175151,1.83070016
,,,,,,,,
53.7727585,-0.355630785,-0.282625467,37.5234108,0.748522401,-1.20532548,41.6946068,1.86833334,0.53275454
,,,,,,,,
,,,,,,,,
126.993523,-1.28878748,-2.69494748,32.3510437,-1.73758376,1.88538146,57.3818817,-0.515672684,2.5473907
66.154007,-0.372943223,-2.75454569,127.48568,-0.163632035,2.45236897,69.4281693,-0.0825819001,1.7055397
70.3719406,0.398190886,-2.15524912,74.1230011,-0.123706982,-3.03749871,76.6954193,-0.295060426,2.23234344
104.109215,-0.898220479,-2.90056825,126.755096,-1.07610798,2.40062642,111.94722,-1.28772962,1.86667597
,,,,,,,,
,,,,,,,,
37.9252205,1.97450054,-2.77352333,103.727798,2.08078241,0.61459142,37.2757454,2.3191216,1.78005481
,,,,,,,,
,,,,,,,,
,,,,,,,,
,,,,,,,,
,,,,,,,,
50.3687439,-0.344598919,1.10200584,50.2662926,0.371383607,-1.69200683,52.7126884,0.335216761,2.93847942
29.2706642,0.0610240549,0.220687062,107.150833,1.62708676,-0.648122668,47.87463,1.22562993,-1.74435401
,,,,,,,,
,,,,,,,,
,,,,,,,,
,,,,,,,,
,,,,,,,,
,,,,,,,,
136.390839,1.6163274,-0.272692263,69.6736221,2.27468944,0.174534872,38.142437,2.03772569,1.80232501
,,,,,,,,
77.1828079,-1.35254693,2.63939643,29.9321384,-1.44014764,-0.138202205,41.3590965,-0.0656784028,3.07496238
,,,,,,,,
49.140892,-1.12999761,-2.06824708,72.4031448,-0.187751248,-0.498020262,166.07254,-0.835119724,-0.755295694
,,,,,,,,
97.6914368,0.392308056,0.131967917,32.9634972,0.979007185,-3.00491285,61.3851624,1.31004441,1.07934141
206.864761,1.57085812,-2.86344004,310.202454,1.54571903,-2.38107085,53.875473,1.0195328,-2.69283819
55.8936501,-0.44506675,2.27940011,40.0333252,0.86589098,-0.696756721,27.2616844,1.17681789,1.33327198
68.4957962,-1.4399128,-2.90137625,37.0486412,0.313137323,3.1341486,34.568428,-0.579870224,1.37863505
,,,,,,,,
51.5094833,-0.652518749,-2.19843245,74.3404465,-1.03198457,-0.768520415,49.2184334,-1.96497583,-1.48921037
,,,,,,,,
,,,,,,,,
116.959732,-2.37257433,1.55372441,39.3034439,-2.32670665,-1.43797624,34.6948624,-1.84373605,0.614859462
61.211338,-0.751952171,-0.699939132,162.730774,-0.183759272,-1.68245161,49.539505,0.205427378,-2.45415568
,,,,,,,,
,,,,,,,,
111.689102,0.212036654,-2.55752659,35.0995445,-0.719658494,-1.8280493,49.0483818,-0.0985334739,2.21952391
,,,,,,,,
,,,,,,,,
,,,,,,,,
,,,,,,,,
47.7903404,-0.855706275,-0.765200675,46.9488907,0.843244016,2.26677513,46.5889397,1.05651796,0.34244749
92.1592484,-1.62026846,-1.38891459,57.8692055,-1.23997259,-2.04758477,40.1179657,-0.070225291,-3.0673306
41.2604141,0.741682172,1.54967463,87.3918915,0.427101642,-3.03286004,43.5408669,1.45195031,-2.563766
46.2009773,-0.605095088,1.86755478,63.1962547,0.143216327,-1.12329495,46.4431763,-0.366282552,-2.27745485
,,,,,,,,
,,,,,,,,
84.2284851,-1.2963469,2.15455961,58.9566422,-1.31119752,-0.0520917773,97.2178345,-0.714782536,-2.48362255
,,,,,,,,
,,,,,,,,
,,,,,,,,
48.9775085,1.00873077,-0.344458252,40.7090721,1.89299679,-1.2900672,141.271942,1.45771015,-2.32465744
,,,,,,,,
,,,,,,,,
103.402336,-1.53313804,0.927312851,51.9834099,-2.017766,3.12268186,31.9974613,-1.31841099,-0.253652811
,,,,,,,,
70.1680069,1.95083654,-0.434188485,39.9866982,0.802792132,2.34851146,47.8886299,0.774688661,-1.68170905
,,,,,,,,
74.6939087,0.248011097,2.50374031,26.1972446,0.728781521,-0.362773299,61.8297195,-1.23098993,-0.118954547
47.3854485,-0.440644532,-0.862461925,70.8703003,1.00813305,0.770938218,106.630196,0.238842145,0.263479918
46.6185493,-1.45319748,-2.25374722,34.2170563,-1.63995683,-1.11935544,56.628418,-0.12428125,-1.02944124
,,,,,,,,
,,,,,,,,
,,,,,,,,
,,,,,,,,
,,,,,,,,
32.8807564,0.307247609,-2.57323098,151.998581,0.117880434,0.596426427,29.9155693,0.493114918,-0.328489423
,,,,,,,,
,,,,,,,,
28.1751175,-2.43609619,0.729912579,59.7817497,-1.27695239,2.96740031,80.592659,-1.08156574,1.72311532
99.286171,1.62366712,1.83733892,39.9729881,0.860644102,-0.0470743664,119.1036,2.00403214,0.0829164013
,,,,,,,,
36.7880592,0.0180117041,1.86084807,55.210556,1.95248115,1.74858809,49.0258102,2.40333796,-0.890075564
,,,,,,,,
92.2556915,0.433861852,-2.53875971,37.0883713,1.62169099,0.312022507,35.5716629,1.21517193,-2.58122706
,,,,,,,,
,,,,,,,,
64.9875107,1.71023548,2.68775988,105.185654,1.18886447,-2.42933202,36.0208778,1.20080709,-1.16507566
