event_index,n_gen_triplet,leading_truth_triplet_slot,leading_truth_triplet_pt,triplet_jet_0_index,triplet_jet_0_pt,triplet_jet_0_eta,triplet_jet_0_phi,triplet_jet_0_m,triplet_jet_0_px,triplet_jet_0_py,triplet_jet_0_pz,triplet_jet_0_E,triplet_jet_1_index,triplet_jet_1_pt,triplet_jet_1_eta,triplet_jet_1_phi,triplet_jet_1_m,triplet_jet_1_px,triplet_jet_1_py,triplet_jet_1_pz,triplet_jet_1_E,triplet_jet_2_index,triplet_jet_2_pt,triplet_jet_2_eta,triplet_jet_2_phi,triplet_jet_2_m,triplet_jet_2_px,triplet_jet_2_py,triplet_jet_2_pz,triplet_jet_2_E
0,0,,,,,,,,,,,,,,,,,,,,,,,,,,,,,
1,0,,,,,,,,,,,,,,,,,,,,,,,,,,,,,
2,1,0,89.6909333,2,57.7407265,-0.951306343,2.49059391,11.4358759,-45.9315339,34.989794,-63.5971822,86.6566347,4,52.8401146,-0.35628438,-1.81824899,11.4898186,-12.942394,-51.2305782,-19.2269362,57.3913645,3,56.2212982,-1.52697408,-1.47043955,6.98766232,5.632722,-55.9384199,-123.322313,135.713134
3,0,,,,,,,,,,,,,,,,,,,,,,,,,,,,,
4,0,,,,,,,,,,,,,,,,,,,,,,,,,,,,,
5,0,,,,,,,,,,,,,,,,,,,,,,,,,,,,,
6,0,,,,,,,,,,,,,,,,,,,,,,,,,,,,,
7,0,,,,,,,,,,,,,,,,,,,,,,,,,,,,,
8,1,0,96.6377558,0,89.5824738,-0.339487284,1.88576639,6.17477608,-27.7515758,85.1755226,-30.9996605,94.9954021,1,40.4433823,-0.604357243,0.91903013,2.61234283,24.532612,32.1530421,-25.9575739,48.1278209,2,33.275013,-1.11194217,-2.32488346,8.40417004,-22.7808581,-24.254051,-45.109901,56.6812114
9,1,1,57.3130054,2,51.6902542,-0.613590062,2.35568166,7.5849576,-36.5317802,36.5692688,-33.7446083,62.1941521,0,86.7391205,-0.204294696,0.155874476,14.2915516,85.6875085,13.4657308,-17.8438634,89.7013207,3,37.6098366,-0.468296707,-1.39280486,8.73176479,6.65893928,-37.0156499,-18.2634028,42.7117713
10,1,0,191.397277,1,73.6359024,-2.04676604,0.546039641,10.5771828,62.9283483,38.2396275,-280.319683,290.02284,0,115.015274,-0.878980756,0.0485874936,13.7562485,114.87954,5.58610539,-114.626394,162.963057,4,32.4729385,-1.35019386,-1.15658247,4.47016907,13.0693962,-29.7267997,-58.4347832,67.0007316
11,1,0,88.1173977,0,82.163208,-0.108570091,1.0033673,12.3901787,44.1599109,69.287048,-8.93800229,83.5715093,3,30.718317,0.168246984,-2.01156116,6.72120857,-13.1053962,-27.7824332,5.19268179,31.8708894,1,59.4125824,-0.549652636,-0.388348609,11.4691248,54.9884624,-22.4971988,-34.3256431,69.567561
12,0,,,,,,,,,,,,,,,,,,,,,,,,,,,,,
13,1,0,54.4371147,1,60.0066795,0.6427809,0.694058418,12.3486404,46.1245145,38.3839909,41.2826162,73.8751982,3,33.2986946,-1.23012638,-2.95004606,9.99267673,-32.6896939,-6.33931982,-52.1025724,62.6365285,6,27.6590061,-0.261577547,0.144696906,3.57976842,27.36996,3.98822152,-7.31776391,28.8337481
14,1,1,68.0493079,5,32.8778305,0.928508341,0.271642596,10.2518892,31.6722486,8.82158754,35.1067614,49.1786302,2,53.4129448,-0.466353387,1.86282444,6.140378,-15.3773231,51.1515455,-25.8220792,59.6441673,4,33.5525513,-0.747735083,-0.351095408,4.84675646,31.5057294,-11.5396148,-27.4925072,43.6474821
15,0,,,,,,,,,,,,,,,,,,,,,,,,,,,,,
16,1,0,171.348944,3,39.249527,-0.736310184,-1.67582393,7.97496653,-4.11470912,-39.0332491,-31.5828878,51.0059238,5,33.0206261,1.76703787,-1.59887064,4.28289318,-0.926909463,-33.007614,93.8223397,99.5556947,1,100.948723,0.552146196,-1.93474007,9.5369072,-35.9339514,-94.3366089,58.61406,117.120473
17,1,1,50.4654494,2,53.8514862,-0.622091949,-2.86623311,9.40466785,-51.8227662,-14.6418396,-35.7035524,65.2929858,3,52.1592102,-1.02616179,0.72423023,7.08325243,39.0677524,34.558558,-63.4244391,82.4221763,1,72.5974884,-0.447589219,-0.703540444,13.4409876,55.3596926,-46.9648779,-33.5897215,81.1130375
18,0,,,,,,,,,,,,,,,,,,,,,,,,,,,,,
19,1,0,93.1384081,4,29.9953632,1.68636429,-2.8345654,5.3190918,-28.5926668,-9.06538601,78.207229,83.9308359,3,44.3031807,0.391780019,2.51566625,6.97570276,-35.9042162,25.9549433,17.8045493,48.2538519,0,74.4262695,-0.0650604591,1.18233407,14.7567101,28.1901179,68.8809614,-4.84562405,76.0296663
20,1,1,156.283176,3,54.1565018,-0.561831117,-1.84569013,9.89714622,-14.700497,-52.1231433,-32.0529873,63.7045853,2,74.5675659,-0.317846179,2.95430398,10.9685106,-73.2635793,13.8841579,-24.1021072,79.1299038,1,90.8724747,-1.2123307,2.39199376,14.129467,-66.5152183,61.9155262,-139.207846,166.84206
21,0,,,,,,,,,,,,,,,,,,,,,,,,,,,,,
22,0,,,,,,,,,,,,,,,,,,,,,,,,,,,,,
23,0,,,,,,,,,,,,,,,,,,,,,,,,,,,,,
24,1,1,85.5152644,1,58.3818855,-0.52797395,-1.83897805,12.7083874,-15.4699501,-56.2949838,-32.276278,67.9095412,0,99.425209,-0.685980737,2.4581356,17.29286,-77.0937412,62.7847693,-73.6801576,124.952714,3,26.5668831,-0.497815728,1.08242047,6.95281887,12.4649752,23.4611097,-13.7784757,30.7243773
25,0,,,,,,,,,,,,,,,,,,,,,,,,,,,,,
26,2,0,114.834181,0,107.345207,-2.229913,-1.80671942,19.2263241,-25.0909342,-104.371637,-493.332767,505.242381,5,31.6518764,-1.86924565,2.34266162,5.64308119,-22.0763337,22.6820805,-100.164956,105.198403,3,45.3710289,-1.47730446,-0.787252128,8.50365162,32.0226279,-32.1415862,-94.2099501,104.911187
27,0,,,,,,,,,,,,,,,,,,,,,,,,,,,,,
28,0,,,,,,,,,,,,,,,,,,,,,,,,,,,,,
29,0,,,,,,,,,,,,,,,,,,,,,,,,,,,,,
30,1,1,38.5860988,0,40.1718369,1.02557039,-1.61063313,8.19115353,-1.59989451,-40.1399653,48.8106655,63.7444314,4,29.3801079,1.14989519,1.41759121,6.69562054,4.48359491,29.0359797,41.7372632,51.4783567,1,39.4757347,0.779255629,-3.11135173,10.4041777,-39.4576855,-1.19360079,33.9708767,53.1093307
31,2,0,81.1722868,5,25.5883236,-1.56654704,0.986090004,5.70612669,14.1235908,21.3374433,-58.6140833,64.2100689,4,32.963562,0.0840362683,0.765993357,5.16518593,23.7566435,22.8520964,2.77339638,33.4808497,0,71.9995728,0.501942158,-0.947490931,8.94016552,42.027747,-58.4603024,37.6763913,81.7519143
32,0,,,,,,,,,,,,,,,,,,,,,,,,,,,,,
33,1,0,133.028237,4,29.6459427,1.1859374,-0.723594248,5.00302553,22.2175851,-19.6280623,43.9989445,53.2899549,3,35.6315651,0.915308595,-2.96107316,10.0737734,-35.0525719,-6.39731434,37.3624185,52.6026583,0,122.945961,1.77737749,2.9295814,19.2961521,-120.193161,25.8710934,353.177314,374.462636
34,1,0,103.218294,0,107.562119,0.480249017,-1.84285414,6.73421001,-28.9034614,-103.605981,53.6652988,120.394864,2,46.0889015,0.160859495,2.31607938,1.60074604,-31.2565644,33.8705481,7.44585197,46.7139159,3,43.8236198,-0.600484252,-0.742944896,8.25097179,32.2752043,-29.6449126,-27.9256254,52.6158602
35,1,1,222.162325,4,38.2332954,-0.730861783,-1.47785604,8.70222855,3.54829998,-38.0682866,-30.4982368,49.6755081,2,50.1570892,-1.28066993,-0.458894372,4.69309759,44.9679768,-22.2174406,-83.2908354,97.3402385,1,182.566895,-1.150666,0.314480335,12.8365278,173.613312,56.4720178,-259.598349,317.626746
36,1,1,52.4756054,2,69.1556931,1.28815567,-0.297339708,7.43676615,66.1210913,-20.2610752,115.846635,135.123122,3,48.4920464,0.458999395,-2.33936596,12.2265463,-33.7071924,-34.8612068,23.0476421,55.0650597,4,31.6306858,1.95135975,3.05757833,4.17956686,-31.5191203,2.65430572,109.065303,113.636303
37,0,,,,,,,,,,,,,,,,,,,,,,,,,,,,,
38,1,0,100.98086,0,136.538345,-1.10547483,2.85783172,19.9178734,-131.07808,38.2263886,-183.617093,229.683866,3,43.4476166,-1.0763427,0.714619458,8.1163702,32.817839,28.4725276,-56.3317867,71.6019626,2,50.8534737,-0.180832401,-1.59963441,10.8172131,-1.46631339,-50.8323294,-9.24615625,52.8070004
39,1,1,240.62945,1,119.819855,-0.314573526,2.5163815,12.1171017,-97.154678,70.1267862,-38.3168846,126.379608,2,109.764069,-0.490879536,-2.59708428,15.0800457,-93.8902148,-56.8575265,-56.0710386,124.175359,5,49.6279907,-0.901079297,2.91228819,10.2584772,-48.3289645,11.2804547,-51.0207531,71.9116894
40,0,,,,,,,,,,,,,,,,,,,,,,,,,,,,,
41,0,,,,,,,,,,,,,,,,,,,,,,,,,,,,,
42,0,,,,,,,,,,,,,,,,,,,,,,,,,,,,,
43,0,,,,,,,,,,,,,,,,,,,,,,,,,,,,,
44,0,,,,,,,,,,,,,,,,,,,,,,,,,,,,,
45,1,0,334.295635,4,31.2825947,-0.801714003,-1.92565989,6.62004662,-10.8695266,-29.3334983,-27.8540115,42.4060338,0,205.501999,-0.406597108,-0.152291983,23.4757805,203.123513,-31.1754721,-85.8779016,223.958027,1,133.645279,-0.69605428,-0.454701662,7.75044823,120.065862,-58.6962459,-100.720034,167.528073
46,0,,,,,,,,,,,,,,,,,,,,,,,,,,,,,
47,0,,,,,,,,,,,,,,,,,,,,,,,,,,,,,
48,0,,,,,,,,,,,,,,,,,,,,,,,,,,,,,
49,1,1,226.295784,0,134.382736,0.254508227,2.27373362,15.9345884,-86.8732609,102.526857,34.5719402,139.670505,3,51.2208595,-0.391189754,2.34673285,7.28909254,-35.8743137,36.5596782,-20.5520436,55.6695053,1,66.8618469,0.545732975,-2.93858266,6.89603376,-65.4887818,-13.48058,38.3270832,77.3758823
50,0,,,,,,,,,,,,,,,,,,,,,,,,,,,,,
51,1,1,47.6298892,1,59.1043129,-0.0782633126,2.72834969,9.57952785,-54.1291084,23.7351939,-4.63042294,60.0543751,3,46.3160629,-0.0352934748,0.105899222,8.76523781,46.0565964,4.89567251,-1.63499418,47.1665166,0,76.8392334,-0.395523876,-1.44540346,10.2431183,9.6098625,-76.2359386,-31.1903826,83.5585377
52,1,1,539.277349,0,431.84433,-0.134608731,-3.00902152,31.6094894,-428.05503,-57.0825433,-58.3057241,436.90759,3,75.5751114,-0.697611928,-2.87564278,6.05716801,-72.9181387,-19.8630943,-57.1036796,94.9163683,4,36.0870552,0.57981801,2.82449627,5.61078596,-34.2879277,11.2522694,22.116189,42.6952256
53,0,,,,,,,,,,,,,,,,,,,,,,,,,,,,,
54,0,,,,,,,,,,,,,,,,,,,,,,,,,,,,,
55,0,,,,,,,,,,,,,,,,,,,,,,,,,,,,,
56,0,,,,,,,,,,,,,,,,,,,,,,,,,,,,,
57,0,,,,,,,,,,,,,,,,,,,,,,,,,,,,,
58,1,1,148.080994,1,57.046936,1.17182064,0.299441427,10.3712425,54.5084278,16.828078,83.2332391,101.438098,3,52.7995796,0.454620332,-0.516102076,12.5059252,45.9224018,-26.0562587,24.8391974,59.675619,2,52.8118553,-0.482159734,-0.66180712,8.30680466,41.6623731,-32.4551803,-26.4619092,59.6517201
59,1,1,175.95218,5,34.5331726,-0.222538203,1.99043167,10.9959879,-14.0697628,31.5369908,-7.74853805,37.0606476,1,99.320549,0.129700556,-2.71610641,20.8903446,-90.464944,-40.9959188,12.918078,102.312534,2,71.331192,0.927575469,-2.92464399,10.299468,-69.6591031,-15.3540974,76.0697283,104.789415
60,0,,,,,,,,,,,,,,,,,,,,,,,,,,,,,
61,0,,,,,,,,,,,,,,,,,,,,,,,,,,,,,
62,1,0,47.3731508,0,65.8072205,-1.59715497,1.86418879,6.82847404,-19.031539,62.9951648,-155.847595,169.309454,1,29.4394188,0.30479005,-2.78730989,8.64386368,-27.6110999,-10.2130574,9.11241361,32.0067468,2,26.2139969,-1.5866617,-1.24494624,5.19570446,8.39147407,-24.8345887,-61.3774327,66.9429475
63,1,1,196.927006,2,70.9809189,-0.886593223,1.72724259,10.1085129,-11.0594561,70.1140448,-71.5058466,101.259859,3,31.3661251,0.324501991,1.09937096,3.49546599,14.245134,27.9447663,10.3579459,33.2165491,0,119.582695,0.353703827,2.42361593,5.55228853,-90.0623086,78.6689361,43.1843246,127.262464
64,1,1,49.829193,3,36.1139946,-0.0955109596,0.568503916,8.33434772,30.4335293,19.4427596,-3.45452893,37.2238597,4,29.8853607,1.12287283,-1.94114041,3.86199737,-10.8165942,-27.8592188,41.0673849,50.9370191,1,66.3633728,-0.199579164,-2.97136068,7.98012829,-65.4041231,-11.2426834,-13.3328489,68.1582318
65,1,0,169.531672,3,39.449852,-0.0613828227,0.574308276,7.15336227,33.1208446,21.4312967,-2.42306423,40.1663124,1,93.0375595,0.0704032183,2.21309066,6.75020218,-55.7326746,74.4973588,6.55555604,93.5121812,2,77.6792984,0.201254204,1.24479115,9.53844643,24.8776638,73.5878743,15.7390324,79.8296468
66,0,,,,,,,,,,,,,,,,,,,,,,,,,,,,,
67,0,,,,,,,,,,,,,,,,,,,,,,,,,,,,,
68,0,,,,,,,,,,,,,,,,,,,,,,,,,,,,,
69,1,1,234.956775,0,129.835922,-0.961532474,0.765954018,24.5050182,93.5755194,90.0054935,-144.987472,196.161234,1,111.251678,-0.488082558,0.426599741,14.1563702,101.281076,46.0334614,-56.4817624,125.568819,5,34.181694,-1.202806,-1.11203432,5.70939255,15.1369687,-30.6473553,-51.7698162,62.298469
70,0,,,,,,,,,,,,,,,,,,,,,,,,,,,,,
71,0,,,,,,,,,,,,,,,,,,,,,,,,,,,,,
72,1,0,206.69285,2,93.1781693,0.259709477,1.26895308,11.3697023,27.7000639,88.9655983,24.4722085,97.0068572,1,126.469604,-0.123357557,2.46771073,7.44085026,-98.824,78.9200727,-15.6405784,127.650127,4,27.0760479,-1.07095015,1.48863626,7.72365093,2.22206813,26.9847139,-34.8667489,44.8158156
73,1,0,139.750994,1,88.6189575,-0.97547549,2.9427402,8.74429512,-86.8726248,17.50619,-100.822456,134.517471,2,84.4466019,-0.253852278,1.24466574,16.8831482,27.0550007,79.9953468,-21.6679417,88.8018522,3,27.1154594,-1.13983428,2.5224514,3.98912621,-22.0822097,15.7360781,-38.0481175,46.8915826
74,0,,,,,,,,,,,,,,,,,,,,,,,,,,,,,
75,1,1,51.7685362,4,42.1751213,1.30389953,-2.16194677,8.34280968,-23.5048955,-35.018006,71.9541732,83.8197255,2,59.9356728,0.412668705,1.1474402,10.4122438,24.6229288,54.64427,25.4415808,65.9391668,3,46.1423149,0.27667886,0.0338567533,6.15068007,46.1158714,1.56193053,12.9301108,48.3128539
76,1,1,102.510402,1,82.8227539,-1.35169828,1.79604244,10.5085888,-18.4981529,80.7305822,-149.295539,171.053199,2,31.9346962,-0.716279209,2.35426784,7.53109646,-22.5376921,22.6247045,-24.8809056,41.1776845,3,29.2349567,-0.0405461974,-0.0523948446,6.5098443,29.1948377,-1.53106027,-1.18569114,29.974433
77,1,0,34.0298622,0,56.813694,-1.04758036,2.53255033,8.45214939,-46.5983797,32.5021051,-71.0159669,91.3372991,3,25.6985168,0.330901235,0.644607306,5.76896,20.5417443,15.4418428,8.6597086,27.725173,2,52.6952705,-1.01541209,-0.428209215,6.31328344,47.9374576,-21.8813092,-63.1881537,82.5190394
78,1,0,87.7117016,3,34.8748207,1.07885814,-0.827134788,6.13194609,23.6098113,-25.6676826,45.3605551,57.5450592,2,46.7665558,-0.723129928,2.21836424,7.44388342,-28.2118533,37.2988213,-36.8436835,59.9998263,1,75.4648209,0.447990268,1.72645509,5.54740381,-11.6993816,74.5524222,34.9497419,83.349849
79,0,,,,,,,,,,,,,,,,,,,,,,,,,,,,,
80,0,,,,,,,,,,,,,,,,,,,,,,,,,,,,,
81,1,1,230.638634,4,36.6085663,-0.280337065,2.98412728,5.83947611,-36.1556423,5.74078851,-10.3976901,38.5019294,0,184.671341,-0.876341462,-1.65373886,25.9255447,-15.2995519,-184.036485,-183.35946,261.52692,3,54.3115807,-0.395188421,-1.18236542,8.04539776,20.5697878,-50.2656107,-22.0263546,59.1577257
82,0,,,,,,,,,,,,,,,,,,,,,,,,,,,,,
83,1,0,141.740281,2,36.6422729,-2.13310504,2.70936561,6.33245516,-33.2724702,15.3492311,-152.478887,156.947657,0,88.5427246,-1.1602447,-2.41024232,18.0372334,-65.8999793,-59.1354953,-127.382189,156.177393,1,57.1005478,-0.555334568,-1.57760394,6.68062592,-0.388715223,-57.0992247,-33.3650964,66.4705422
84,0,,,,,,,,,,,,,,,,,,,,,,,,,,,,,
85,1,1,101.315669,3,28.3418407,0.199632436,-1.72433543,6.04337597,-4.33450346,-28.0084276,5.69560682,29.5334093,1,67.6740036,0.132118285,1.18712413,7.46159697,25.3322878,62.7538522,8.96700713,68.6720715,2,61.2578583,-1.00505733,1.23754919,8.69387913,20.038257,57.8877661,-72.4692795,95.2885366
86,1,0,123.678924,4,29.592577,1.32311022,0.624923825,9.9968462,23.9998074,17.312708,51.6209456,60.3355581,3,50.8554306,-0.891223311,-0.144050747,10.3615046,50.3287016,-7.30045337,-51.5663055,73.1622817,0,93.0699387,-0.015292773,-1.36452568,16.740242,19.0617509,-91.0969985,-1.42335293,94.5741779
87,0,,,,,,,,,,,,,,,,,,,,,,,,,,,,,
88,2,1,131.946028,2,76.7962036,-1.12636125,-1.74585581,6.89855385,-13.3753421,-75.6224643,-105.98651,131.066347,7,38.4587784,0.142945051,0.67317909,10.6100454,30.0687474,23.9780747,5.51623315,40.2750484,1,78.3577271,-0.417363554,-1.05104816,16.9147434,38.9172723,-68.0101412,-33.6614177,86.9432745
89,0,,,,,,,,,,,,,,,,,,,,,,,,,,,,,
90,2,1,193.144615,3,74.0860748,1.75025272,0.294961333,13.2457819,70.8865479,21.5370334,206.786354,220.056341,0,119.447693,2.16272569,1.88763535,14.4440355,-37.2156587,113.502185,512.418269,526.354314,4,59.470314,1.33155072,1.84235728,6.96189928,-15.95205,57.2909273,104.752314,120.657505
91,1,1,42.1316033,1,94.2770004,-2.08481288,-2.20645189,8.24057007,-55.9727421,-75.8630671,-373.278278,385.087955,2,44.1592903,-1.36143076,-1.93243182,9.22631931,-15.6237517,-41.3030423,-80.4908608,92.2710494,0,178.633911,0.0502598584,0.969859064,20.0240021,101.002433,147.338328,8.98189542,179.976969
92,0,,,,,,,,,,,,,,,,,,,,,,,,,,,,,
93,0,,,,,,,,,,,,,,,,,,,,,,,,,,,,,
94,0,,,,,,,,,,,,,,,,,,,,,,,,,,,,,
95,0,,,,,,,,,,,,,,,,,,,,,,,,,,,,,
96,0,,,,,,,,,,,,,,,,,,,,,,,,,,,,,
97,1,1,101.135853,0,111.558411,0.322113603,-2.71428037,14.6740026,-101.527401,-46.2327349,36.5591234,118.309657,3,29.6622696,1.19171345,2.85623717,3.55135417,-28.4627762,8.34988661,44.3305267,53.4570664,2,36.3470459,0.133771047,0.575848758,2.26677108,30.4853729,19.7926699,4.87669658,36.7427294
98,0,,,,,,,,,,,,,,,,,,,,,,,,,,,,,
99,0,,,,,,,,,,,,,,,,,,,,,,,,,,,,,
100,0,,,,,,,,,,,,,,,,,,,,,,,,,,,,,
101,0,,,,,,,,,,,,,,,,,,,,,,,,,,,,,
102,0,,,,,,,,,,,,,,,,,,,,,,,,,,,,,
103,0,,,,,,,,,,,,,,,,,,,,,,,,,,,,,
104,0,,,,,,,,,,,,,,,,,,,,,,,,,,,,,
105,1,0,74.1948465,2,87.5409393,0.0115888547,-2.93618155,25.1245594,-85.7005849,-17.8556941,1.01452194,91.0806719,0,127.705292,0.853793621,-0.511665165,23.1941833,111.350126,-62.5283207,122.772221,178.660656,1,106.629517,-0.138041481,2.64436722,28.4334106,-93.7176823,50.8610838,-14.7660881,111.338897
106,0,,,,,,,,,,,,,,,,,,,,,,,,,,,,,
107,2,1,38.660208,4,50.6103249,-2.46030498,-2.26528621,6.14376259,-32.3902818,-38.8879753,-294.121216,298.507019,0,66.318428,-2.33052301,2.07003808,9.50858498,-31.7506091,58.2239875,-337.762194,344.34263,6,29.8671093,-2.0619626,-0.0510656349,5.93254614,29.8281755,-1.52452012,-115.498791,119.445427
108,0,,,,,,,,,,,,,,,,,,,,,,,,,,,,,
109,0,,,,,,,,,,,,,,,,,,,,,,,,,,,,,
110,1,1,136.440955,0,129.962494,-0.62852937,-2.79076362,16.957859,-122.046233,-44.6650504,-87.1707647,157.405721,2,43.7718086,-0.497124195,-0.622125089,7.05371809,35.5708043,-25.5086085,-22.6674335,49.7949667,3,37.5692596,-0.978488624,2.86376643,7.55945206,-36.1286252,10.3039659,-42.9144923,57.5347567
111,1,1,84.5215802,1,89.7303925,-2.01677537,2.26505041,22.0012131,-57.410614,68.9606027,-331.148751,343.79513,0,111.46534,-1.65942836,-1.10937452,9.96328735,49.6267845,-99.8083374,-282.344913,303.714404,2,53.8242493,-1.74042892,-2.15273356,7.44309759,-29.5841398,-44.9647471,-148.671795,158.290089
112,1,1,182.684309,3,47.4814453,1.10702419,-0.578113079,5.39533472,39.7654843,-25.9459805,63.9765238,79.8535715,1,119.120224,0.18949075,0.717883348,10.4559231,89.7213207,78.3563167,22.7075056,121.715179,2,66.3424225,0.707075357,1.41984892,7.52458715,9.97623082,65.5880465,50.9167168,83.9669487
113,1,0,52.1274639,1,45.727993,-1.4580003,-1.60262632,11.1817656,-1.45527611,-45.7048303,-92.9342891,104.177077,2,35.1114426,-0.322587997,1.54806125,12.3624678,0.798192519,35.1023687,-11.5240001,38.9672502,0,47.9432068,-0.025185952,-0.366899669,7.15982151,44.7522983,-17.1983394,-1.20762297,48.4899214
114,1,0,276.487717,2,85.0973282,1.29127538,-3.10651064,9.70852566,-85.0449669,-2.98477335,143.070001,166.747821,1,169.276505,0.829523146,-2.55358529,11.4021673,-140.846119,-93.8983806,157.085901,231.215321,4,42.6408997,0.503259957,-1.91081369,12.2338247,-14.2208876,-40.1996602,22.3768394,49.6853674
115,1,0,100.983699,4,35.8456154,1.22258973,-0.442516804,7.60703659,32.3928507,-15.3496372,55.5876673,66.5790049,3,44.3450279,1.23503304,2.39925933,5.70106316,-32.6775503,29.9776451,69.7916895,82.88464,0,86.7136917,0.178175151,1.83070016,13.3106928,-22.2843448,83.8013861,15.5321031,89.0936872
116,0,,,,,,,,,,,,,,,,,,,,,,,,,,,,,
117,1,0,105.010904,2,53.7727585,-0.355630785,-0.282625467,9.41847038,51.6394084,-14.9960346,-19.5289016,57.9792647,4,37.5234108,0.748522401,-1.20532548,3.77407193,13.4104573,-35.0451993,30.7843791,48.681906,3,41.6946068,1.86833334,0.53275454,5.43829441,35.9162049,21.1770267,131.819811,138.363571
118,0,,,,,,,,,,,,,,,,,,,,,,,,,,,,,
119,0,,,,,,,,,,,,,,,,,,,,,,,,,,,,,
120,2,1,172.279574,0,126.993523,-1.28878748,-2.69494748,10.4105434,-114.535619,-54.8538676,-212.89065,248.109175,6,32.3510437,-1.73758376,1.88538146,4.91906548,-10.0101244,30.7634107,-89.0890944,94.9086613,2,57.3818817,-0.515672684,2.5473907,13.1642199,-47.5463717,32.1251131,-30.9192489,66.4979472
121,1,1,210.124455,2,66.154007,-0.372943223,-2.75454569,7.78323793,-61.2604452,-24.970192,-25.2475961,71.2346302,0,127.48568,-0.163632035,2.45236897,5.71400404,-98.3857907,81.0730208,-20.9539585,129.32253,1,69.4281693,-0.0825819001,1.7055397,15.0069447,-9.3267038,68.798861,-5.74002923,71.2630831
122,2,1,159.774075,3,70.3719406,0.398190886,-2.15524912,8.0038271,-38.8272317,-58.6911928,28.7678532,76.445148,2,74.1230011,-0.123706982,-3.03749871,11.2562561,-73.7217819,-7.70182878,-9.19293816,75.5343148,1,76.6954193,-0.295060426,2.23234344,12.1988544,-47.1169352,60.5159629,-22.959576,80.9823532
123,1,1,282.493987,2,104.109215,-0.898220479,-2.90056825,23.091795,-101.09983,-24.8506142,-106.604519,150.786217,0,126.755096,-1.07610798,2.40062642,16.3119812,-93.5220263,85.5598332,-164.294965,208.148435,1,111.94722,-1.28772962,1.86667597,10.8849173,-32.6417254,107.082668,-187.436121,218.59314
124,0,,,,,,,,,,,,,,,,,,,,,,,,,,,,,
125,0,,,,,,,,,,,,,,,,,,,,,,,,,,,,,
126,1,0,92.5177359,2,37.9252205,1.97450054,-2.77352333,6.88862133,-35.3851322,-13.6460532,133.955491,139.390993,0,103.727798,2.08078241,0.61459142,6.45809555,84.7465566,59.8120165,408.993609,421.99163,3,37.2757454,2.3191216,1.78005481,10.211874,-7.74346258,36.4625833,187.653184,191.591965
127,0,,,,,,,,,,,,,,,,,,,,,,,,,,,,,
128,0,,,,,,,,,,,,,,,,,,,,,,,,,,,,,
129,0,,,,,,,,,,,,,,,,,,,,,,,,,,,,,
130,0,,,,,,,,,,,,,,,,,,,,,,,,,,,,,
131,0,,,,,,,,,,,,,,,,,,,,,,,,,,,,,
132,1,1,35.4070119,2,50.3687439,-0.344598919,1.10200584,5.80216932,22.7569809,44.9347325,-17.7025798,53.7034157,3,50.2662926,0.371383607,-1.69200683,9.25026894,-6.07789416,-49.8974886,19.1001811,54.5626664,1,52.7126884,0.335216761,2.93847942,7.90794849,-51.6290909,10.633179,18.0029748,56.2607347
133,1,1,149.305772,5,29.2706642,0.0610240549,0.220687062,6.76859236,28.560771,6.40735054,1.78732345,30.0961817,1,107.150833,1.62708676,-0.648122668,10.7957401,85.4226297,-64.685975,262.119137,283.380117,3,47.87463,1.22562993,-1.74435401,10.8569784,-8.26735825,-47.1553919,74.5106,89.2282673
134,0,,,,,,,,,,,,,,,,,,,,,,,,,,,,,
135,0,,,,,,,,,,,,,,,,,,,,,,,,,,,,,
136,0,,,,,,,,,,,,,,,,,,,,,,,,,,,,,
137,0,,,,,,,,,,,,,,,,,,,,,,,,,,,,,
138,0,,,,,,,,,,,,,,,,,,,,,,,,,,,,,
139,0,,,,,,,,,,,,,,,,,,,,,,,,,,,,,
140,1,1,191.621307,0,136.390839,1.6163274,-0.272692263,10.9517708,131.351101,-36.7334888,329.788926,357.047809,2,69.6736221,2.27468944,0.174534872,14.963273,68.6150997,12.0988311,335.202217,342.693507,4,38.142437,2.03772569,1.80232501,5.6678133,-8.7523804,37.1246729,143.850643,148.929437
141,0,,,,,,,,,,,,,,,,,,,,,,,,,,,,,
142,1,0,86.9749885,1,77.1828079,-1.35254693,2.63939643,16.1951561,-67.6528552,37.1520796,-139.264098,160.043612,3,29.9321384,-1.44014764,-0.138202205,6.95341873,29.6467435,-4.12353176,-59.6311986,67.0832527,2,41.3590965,-0.0656784028,3.07496238,7.40149355,-41.2673217,2.75372939,-2.71835276,42.1039952
143,0,,,,,,,,,,,,,,,,,,,,,,,,,,,,,
144,2,1,250.319929,4,49.140892,-1.12999761,-2.06824708,7.37779808,-23.4493854,-43.1851085,-68.1243891,84.3219518,3,72.4031448,-0.187751248,-0.498020262,11.303853,63.6083333,-34.5860567,-13.6737864,74.5450529,0,166.07254,-0.835119724,-0.755295694,19.4599495,120.912248,-113.843388,-155.383071,228.260108
145,0,,,,,,,,,,,,,,,,,,,,,,,,,,,,,
146,1,0,112.168916,0,97.6914368,0.392308056,0.131967917,19.4950104,96.8419965,12.8547474,39.3158061,107.095307,4,32.9634972,0.979007185,-3.00491285,10.2501097,-32.6560746,-4.49142933,37.6793926,51.1017956,2,61.3851624,1.31004441,1.07934141,12.7727728,28.9682173,54.1200568,105.475983,122.704787
147,1,1,556.234549,1,206.864761,1.57085812,-2.86344004,19.2652168,-198.913776,-56.8008725,476.089724,519.447402,0,310.202454,1.54571903,-2.38107085,20.949976,-224.734367,-213.822418,694.571998,760.982736,3,53.875473,1.0195328,-2.69283819,6.94115591,-48.5411638,-23.3735322,64.9505457,84.6718349
148,1,0,43.2503619,1,55.8936501,-0.44506675,2.27940011,7.64516497,-36.3741509,42.4384409,-25.705849,61.9946719,3,40.0333252,0.86589098,-0.696756721,4.79731655,30.7026596,-25.6907342,39.1615303,56.2077114,6,27.2616844,1.17681789,1.33327198,3.32972813,6.41459813,26.4962708,40.0171104,48.5350971
149,1,0,98.6151048,1,68.4957962,-1.4399128,-2.90137625,8.5063076,-66.529043,-16.2960283,-136.42237,152.889157,3,37.0486412,0.313137323,3.1341486,7.38500786,-37.0476147,0.275789608,11.7918384,39.5750882,4,34.568428,-0.579870224,1.37863505,7.21857977,6.6019073,33.9321534,-21.1876054,41.1825052
150,0,,,,,,,,,,,,,,,,,,,,,,,,,,,,,
151,1,0,144.995285,3,51.5094833,-0.652518749,-2.19843245,7.80231762,-30.2480701,-41.6926987,-36.0473447,63.3523014,2,74.3404465,-1.03198457,-0.768520415,14.26789,53.4463113,-51.6719827,-91.079354,118.429403,4,49.2184334,-1.96497583,-1.48921037,6.2679286,4.01107985,-49.0547187,-172.131157,179.139265
152,0,,,,,,,,,,,,,,,,,,,,,,,,,,,,,
153,0,,,,,,,,,,,,,,,,,,,,,,,,,,,,,
154,1,0,104.245099,3,116.959732,-2.37257433,1.55372441,9.58729362,1.99663004,116.942688,-621.741911,632.719922,5,39.3034439,-2.32670665,-1.43797624,7.70792294,5.20495165,-38.9572738,-199.396818,203.379605,6,34.6948624,-1.84373605,0.614859462,8.24665546,28.3406553,20.0135138,-106.892811,112.684577
155,1,1,232.781794,2,61.211338,-0.751952171,-0.699939132,9.31651974,46.8194138,-39.4305769,-50.4899117,79.8927821,0,162.730774,-0.183759272,-1.68245161,12.6188278,-18.1320201,-161.717453,-30.071866,165.966433,3,49.539505,0.205427378,-2.45415568,10.60394,-38.2878421,-31.4357074,10.2484991,51.6878887
156,0,,,,,,,,,,,,,,,,,,,,,,,,,,,,,
157,0,,,,,,,,,,,,,,,,,,,,,,,,,,,,,
158,1,1,143.322226,1,111.689102,0.212036654,-2.55752659,14.5081148,-93.1741138,-61.5876616,23.8600396,115.127071,4,35.0995445,-0.719658494,-1.8280493,5.30620861,-8.93019769,-33.9445076,-27.4972151,44.9024578,3,49.0483818,-0.0985334739,2.21952391,7.83952856,-29.6337062,39.0843603,-4.84073157,49.9062586
159,0,,,,,,,,,,,,,,,,,,,,,,,,,,,,,
160,0,,,,,,,,,,,,,,,,,,,,,,,,,,,,,
161,0,,,,,,,,,,,,,,,,,,,,,,,,,,,,,
162,0,,,,,,,,,,,,,,,,,,,,,,,,,,,,,
163,1,0,51.7018564,0,47.7903404,-0.855706275,-0.765200675,10.1444855,34.4684661,-33.1034965,-46.0711487,67.1519022,1,46.9488907,0.843244016,2.26677513,5.5723877,-30.1006666,36.0298239,44.4507682,64.8931478,2,46.5889397,1.05651796,0.34244749,4.16389942,43.8837825,15.6442619,58.9041136,75.2167665
164,1,0,153.373707,1,92.1592484,-1.62026846,-1.38891459,12.4565353,16.6698197,-90.6390874,-223.790372,242.344017,2,57.8692055,-1.23997259,-2.04758477,2.74474096,-26.5578084,-51.4152483,-91.6106155,108.392266,3,40.1179657,-0.070225291,-3.0673306,7.66636324,-40.0073942,-2.97650497,-2.81961201,40.9411103
165,1,0,122.736492,7,41.2604141,0.741682172,1.54967463,8.00781631,0.871425152,41.2512108,33.485966,53.7387832,3,87.3918915,0.427101642,-3.03286004,6.44707918,-86.8757927,-9.48363574,38.4704006,95.7020337,6,43.5408669,1.45195031,-2.563766,6.91955709,-36.472082,-23.7822269,87.8942886,98.331548
166,1,0,50.8059709,3,46.2009773,-0.605095088,1.86755478,4.64223719,-13.5101773,44.1815053,-29.6934569,55.116078,0,63.1962547,0.143216327,-1.12329495,3.85964489,27.3459232,-56.9733894,9.08170703,63.9620268,2,46.4431763,-0.366282552,-2.27745485,4.76630068,-30.1553728,-35.3216947,-17.3942664,49.8221512
167,0,,,,,,,,,,,,,,,,,,,,,,,,,,,,,
168,0,,,,,,,,,,,,,,,,,,,,,,,,,,,,,
169,1,1,64.9348975,1,84.2284851,-1.2963469,2.15455961,17.186491,-46.424037,70.279773,-142.446693,166.3757,2,58.9566422,-1.31119752,-0.0520917773,7.2896347,58.8766692,-3.06976751,-101.438365,117.553249,0,97.2178345,-0.714782536,-2.48362255,17.14851,-76.9221695,-59.4498711,-75.5598246,124.316796
170,0,,,,,,,,,,,,,,,,,,,,,,,,,,,,,
171,0,,,,,,,,,,,,,,,,,,,,,,,,,,,,,
172,0,,,,,,,,,,,,,,,,,,,,,,,,,,,,,
173,1,1,163.447968,3,48.9775085,1.00873077,-0.344458252,8.23832035,46.1004978,-16.5390582,58.2204674,76.5263947,5,40.7090721,1.89299679,-1.2900672,6.88747549,11.2787053,-39.1154619,132.072759,138.375863,0,141.271942,1.45771015,-2.32465744,21.0274029,-96.6948248,-102.994527,287.018117,320.592128
174,0,,,,,,,,,,,,,,,,,,,,,,,,,,,,,
175,0,,,,,,,,,,,,,,,,,,,,,,,,,,,,,
176,1,1,86.0881078,0,103.402336,-1.53313804,0.927312851,9.06147289,62.039943,82.7229629,-228.355495,250.839362,2,51.9834099,-2.017766,3.12268186,9.47138977,-51.9741151,0.982989143,-192.041036,199.177664,3,31.9974613,-1.31841099,-0.253652811,10.8780317,30.9736142,-8.02949269,-55.514278,64.9923393
177,0,,,,,,,,,,,,,,,,,,,,,,,,,,,,,
178,1,0,57.2894642,0,70.1680069,1.95083654,-0.434188485,11.2453432,63.6572385,-29.5178789,241.813501,252.039236,3,39.9866982,0.802792132,2.34851146,6.83885431,-28.0567963,28.4912655,35.6618866,54.013666,1,47.8886299,0.774688661,-1.68170905,8.87936878,-5.30057517,-47.5943776,40.9224913,63.6145766
179,0,,,,,,,,,,,,,,,,,,,,,,,,,,,,,
180,1,0,38.0123477,0,74.6939087,0.248011097,2.50374031,6.47234678,-60.0073293,44.4780893,18.7154129,77.2744327,2,26.1972446,0.728781521,-0.362773299,7.85912561,24.4922301,-9.29657422,20.8275582,34.3780259,1,61.8297195,-1.23098993,-0.118954547,16.2782784,61.3927842,-7.33759294,-96.844342,116.046211
181,1,0,189.14449,5,47.3854485,-0.440644532,-0.862461925,11.6470528,30.827539,-35.9867138,-21.562437,53.347664,2,70.8703003,1.00813305,0.770938218,6.40316486,50.8322351,49.3830268,84.1790452,110.22573,1,106.630196,0.238842145,0.263479918,11.5190067,102.950335,27.7709757,25.7106136,110.289264
182,1,1,116.413314,3,46.6185493,-1.45319748,-2.25374722,7.60629511,-29.4202589,-36.1626536,-94.2381411,105.413339,4,34.2170563,-1.63995683,-1.11935544,6.3091054,14.9276193,-30.7891721,-84.8746991,91.729637,2,56.628418,-0.12428125,-1.02944124,10.7745667,29.1804987,-48.5311881,-7.05598214,58.0745718
183,0,,,,,,,,,,,,,,,,,,,,,,,,,,,,,
184,0,,,,,,,,,,,,,,,,,,,,,,,,,,,,,
185,0,,,,,,,,,,,,,,,,,,,,,,,,,,,,,
186,0,,,,,,,,,,,,,,,,,,,,,,,,,,,,,
187,0,,,,,,,,,,,,,,,,,,,,,,,,,,,,,
188,1,0,139.046907,2,32.8807564,0.307247609,-2.57323098,6.05053711,-27.7113734,-17.6981334,10.2622341,34.9723689,0,151.998581,0.117880434,0.596426427,24.8243484,125.755742,85.3760035,17.9591842,155.055955,3,29.9155693,0.493114918,-0.328489423,5.28696299,28.3160064,-9.65116919,15.356972,34.0401212
189,0,,,,,,,,,,,,,,,,,,,,,,,,,,,,,
190,0,,,,,,,,,,,,,,,,,,,,,,,,,,,,,
191,1,1,119.791433,5,28.1751175,-2.43609619,0.729912579,6.02861547,20.9970188,18.7872948,-159.764718,162.342066,3,59.7817497,-1.27695239,2.96740031,6.8465395,-58.8770628,10.3609399,-98.8434229,115.71843,1,80.592659,-1.08156574,1.72311532,10.4747505,-12.2283795,79.6595469,-105.182669,132.922124
192,1,1,168.272138,2,99.286171,1.62366712,1.83733892,23.3639698,-26.1517496,95.7801114,241.984243,262.602347,3,39.9729881,0.860644102,-0.0470743664,9.9805069,39.9287063,-1.88100819,38.8096481,56.6006986,0,119.1036,2.00403214,0.0829164013,8.42752743,118.694408,9.8643297,433.78241,449.915403
193,0,,,,,,,,,,,,,,,,,,,,,,,,,,,,,
194,1,0,52.5661532,4,36.7880592,0.0180117041,1.86084807,4.63112068,-10.5214514,35.2513881,0.662651465,37.0843321,2,55.210556,1.95248115,1.74858809,4.83193493,-9.76434979,54.3402518,190.593105,198.487492,3,49.0258102,2.40333796,-0.890075564,11.0588856,30.8545557,-38.0989037,268.897183,273.553512
195,0,,,,,,,,,,,,,,,,,,,,,,,,,,,,,
196,1,0,92.7142353,0,92.2556915,0.433861852,-2.53875971,17.754055,-75.9940302,-52.3069784,41.2938271,102.623093,2,37.0883713,1.62169099,0.312022507,4.52885532,35.2975459,11.3855407,90.200364,97.6327992,3,35.5716629,1.21517193,-2.58122706,5.89562607,-30.1313633,-18.9061933,54.6774623,65.4960036
197,0,,,,,,,,,,,,,,,,,,,,,,,,,,,,,
198,0,,,,,,,,,,,,,,,,,,,,,,,,,,,,,
199,1,0,143.902616,2,64.9875107,1.71023548,2.68775988,6.67687654,-58.4090438,28.4914049,173.823406,185.694733,1,105.185654,1.18886447,-2.42933202,9.61271858,-79.6135887,-68.7437141,156.662662,188.94342,4,36.0208778,1.20080709,-1.16507566,7.6285162,14.216757,-33.0966382,54.4247806,65.7096237
